pk,model,fields,
,,name,friendly_name
1,products.brand,a_vogel,A. Vogel
2,products.brand,antipodes,Antipodes
3,products.brand,bach_flower,Bach Flower
4,products.brand,bee_activ,Bee Activ
5,products.brand,bee_health,Bee Health
6,products.brand,better_you,Better You
7,products.brand,bio_health,Bio-Health
8,products.brand,bio_kult,Bio-Kult
9,products.brand,biona,Biona
10,products.brand,botanicals_4_life,Botanicals 4 Life
11,products.brand,burts_bees,Burt's Bees
12,products.brand,chia_bia,Chia Bia
13,products.brand,cleanmarine,Cleanmarine
14,products.brand,clipper,Clipper
15,products.brand,comvita,Comvita
16,products.brand,dr_bronners,Dr. Bronners
17,products.brand,dr_hauschka,Dr. Hauschka
18,products.brand,ecostraws,Ecostraws
19,products.brand,ecover,Ecover
20,products.brand,faith_in_nature,Faith in Nature
21,products.brand,floradix,Floradix
22,products.brand,garden_of_life,Garden Of Life
23,products.brand,green_blacks,Green & Blacks
24,products.brand,grumpy_mule,Grumpy Mule
25,products.brand,health_aid,Health Aid
26,products.brand,irish_botanica,Irish Botanica
27,products.brand,iswari,Iswari
28,products.brand,kingfisher,Kingfisher
29,products.brand,kinvara,Kinvara
30,products.brand,koko,Koko
31,products.brand,laird_superfood,Laird Superfood
32,products.brand,linwoods,Linwoods
33,products.brand,living_nutrition,Living Nutrition
34,products.brand,love_raw,Love Raw
35,products.brand,mag365,Mag365
36,products.brand,meridian,Meridian
37,products.brand,nairns,Nairns
38,products.brand,nakd,Nakd
39,products.brand,natures_aid,Natures Aid
40,products.brand,natures_answer,Nature's Answer
41,products.brand,natures_plus,Nature's Plus
42,products.brand,naturtint,Naturtint
43,products.brand,naturya,Naturya
44,products.brand,natures_plus,Natures Plus
45,products.brand,nelsons,Nelsons
46,products.brand,nomo,NOMO
47,products.brand,nua_naturals,Nua Naturals
48,products.brand,nuzest,Nuzest
49,products.brand,olbas,Olbas
50,products.brand,oliva,Oliva
51,products.brand,om_mushrooms,Om Mushrooms
52,products.brand,one_nutrition,One Nutrition
53,products.brand,optibac,Optibac
54,products.brand,optima,Optima
55,products.brand,pai_skincare,Pai Skincare
56,products.brand,palm_free,Palm Free
57,products.brand,panda,Panda
58,products.brand,pip_nut,Pip & Nut
59,products.brand,planet_paleo,Planet Paleo
60,products.brand,plantforce,Plantforce
61,products.brand,precision_biotics,Precision Biotics
62,products.brand,pukka,Pukka
63,products.brand,pulsin,Pulsin
64,products.brand,qi_tea,Qi Tea
65,products.brand,quest,Quest
66,products.brand,raw_health,Raw Health
67,products.brand,rawganic,Rawganic
68,products.brand,solgar,Solgar
69,products.brand,spatone,Spatone
70,products.brand,sukin,Sukin
71,products.brand,suma,Suma
72,products.brand,sylk,Sylk
73,products.brand,synergy,Synergy
74,products.brand,terra_nova,Terra Nova
75,products.brand,tints_of_nature,Tints of Nature
76,products.brand,trilogy,Trilogy
77,products.brand,vego,Vego
78,products.brand,viridian,Viridian
79,products.brand,wild_nutrition,Wild Nutrition
80,products.brand,yogi_tea,Yogi Tea
